index,MovieID,Title,MPAA Rating,Budget,Gross,Release Date,Genre,Runtime,Rating,Rating Count
0,1,Look Who's Talking,PG-13,7500000,296000000,1989-10-12,Romance,93,5.9,73638.0
1,2,Driving Miss Daisy,PG,7500000,145793296,1989-12-13,Comedy,99,7.4,91075.0
2,3,Turner & Hooch,PG,13000000,71079915,1989-07-28,Crime,100,7.2,91415.0
3,4,Born on the Fourth of July,R,14000000,161001698,1989-12-20,War,145,7.2,91415.0
4,5,Field of Dreams,PG,15000000,84431625,1989-04-21,Drama,107,7.5,101702.0
5,6,Uncle Buck,PG,15000000,79258538,1989-08-16,Family,100,7.0,77659.0
6,7,When Harry Met Sally...,R,16000000,92800000,1989-07-21,Romance,96,7.6,180871.0
7,8,Dead Poets Society,PG,16400000,235860116,1989-06-02,Drama,129,8.1,382002.0
8,9,Parenthood,PG-13,20000000,126297830,1989-07-31,Comedy,124,7.0,41866.0
9,10,Lethal Weapon 2,R,25000000,227853986,1989-07-07,Comedy,114,7.2,151737.0
10,11,The War of the Roses,R,26000000,160200000,1989-12-08,Comedy,116,6.8,45248.0
11,12,National Lampoon's Christmas Vacation,PG-13,27000000,71320000,1989-12-01,Action,97,7.6,135690.0
12,13,"Honey, I Shrunk the Kids",PG,32000000,222724172,1989-06-22,Family,93,6.3,132480.0
13,14,Batman,PG,35000000,411348924,1989-06-23,Action,126,7.5,319517.0
14,15,Ghostbusters II,PG,37000000,215394738,1989-06-15,Comedy,108,6.6,171196.0
15,16,The Little Mermaid,PG,40000000,222300000,1989-11-17,Animation,83,7.6,219221.0
16,17,Back to the Future Part II,PG,40000000,332000000,1989-11-20,Science Fiction,108,7.8,438940.0
17,18,Indiana Jones and the Last Crusade,PG-13,48000000,474171806,1989-05-24,Adventure,127,8.2,647495.0
18,19,Tango & Cash,R,55000000,63408614,1989-12-22,Action,104,6.8,79806.0
19,20,Steel Magnolias,PG,15000000,95904091,1989-11-15,Drama,119,7.3,43037.0
20,21,Three Men and a Little Lady,PG,11000000,71600000,1990-11-21,Family,104,6.1,127793.0
21,22,Teenage Mutant Ninja Turtles,PG,13500000,202000000,1990-03-30,Action,93,6.8,79806.0
22,23,Pretty Woman,R,14000000,463000000,1990-03-23,Romance,119,7.0,266405.0
23,24,Kindergarten Cop,PG-13,15000000,201957688,1990-12-21,Action,111,6.1,127793.0
24,25,Home Alone,PG,18000000,476684675,1990-11-09,Family,103,7.6,414472.0
25,26,Bird on a Wire,PG-13,20000000,138700000,1990-05-18,Comedy,110,6.0,37415.0
26,27,Misery,R,20000000,61276872,1990-11-28,Drama,107,7.8,168946.0
27,28,Edward Scissorhands,PG-13,20000000,53000000,1990-12-05,Drama,105,7.9,421760.0
28,29,Ghost,PG-13,22000000,505000000,1990-07-12,Thriller,127,7.0,183054.0
29,30,Presumed Innocent,R,22000000,221303188,1990-07-26,Crime,127,6.9,35122.0
30,31,Dances with Wolves,PG-13,22000000,424208848,1990-11-09,Western,181,8.0,224754.0
31,32,Flatliners,R,26000000,61489265,1990-08-09,Horror,115,6.6,76155.0
32,33,The Hunt for Red October,PG,30000000,199200000,1990-03-02,Thriller,134,7.6,167212.0
33,34,Another 48 Hrs.,R,38000000,153518974,1990-06-08,Action,95,5.9,36103.0
34,35,Back to the Future Part III,PG,40000000,244527583,1990-05-25,Family,118,7.4,369652.0
35,36,Dick Tracy,PG,47000000,103738726,1990-06-15,Crime,103,6.1,54312.0
36,37,The Godfather: Part III,R,54000000,136766062,1990-12-24,Drama,162,7.6,332236.0
37,38,Days of Thunder,PG-13,60000000,157920733,1990-06-27,Adventure,107,6.0,73649.0
38,39,Total Recall,R,65000000,261317921,1990-06-01,Science Fiction,113,7.5,282870.0
39,40,Die Hard 2,R,70000000,240031094,1990-07-02,Thriller,124,7.2,317843.0
40,41,Fried Green Tomatoes,PG-13,11000000,119418501,1991-12-27,Comedy,130,7.7,62493.0
41,42,The Silence of the Lambs,R,19000000,272742922,1991-02-01,Crime,119,8.6,1166583.0
42,43,Sleeping with the Enemy,R,19000000,174999005,1991-02-08,Drama,99,6.2,46455.0
43,44,Father of the Bride,PG,20000000,89325780,1991-12-20,Romance,105,6.5,64326.0
44,45,The Naked Gun 2 1/2: The Smell of Fear,PG-13,23000000,86900000,1991-06-28,Drama,85,6.5,64326.0
45,46,Teenage Mutant Ninja Turtles II,PG,25000000,78600000,1991-03-22,Action,88,8.0,397467.0
46,47,Beauty and the Beast,PG,25000000,377350553,1991-11-13,Animation,84,8.0,397467.0
47,48,Hot Shots!,PG-13,26000000,181096164,1991-07-31,Comedy,84,6.8,93277.0
48,49,City Slickers,PG-13,27000000,179033791,1991-06-07,Comedy,112,6.7,45166.0
49,50,Star Trek VI: The Undiscovered Country,PG,27000000,96900000,1991-12-05,Science Fiction,113,7.2,66086.0
50,51,The Addams Family,PG-13,30000000,191502426,1991-11-22,Comedy,99,6.9,119260.0
51,52,The Prince of Tides,R,30000000,74787599,1991-12-25,Romance,132,6.7,14918.0
52,53,What About Bob?,PG,35000000,63710000,1991-05-17,Comedy,100,7.0,58797.0
53,54,Cape Fear,R,35000000,182300000,1991-11-15,Crime,128,7.3,157496.0
54,55,JFK,R,40000000,205405498,1991-12-20,Drama,189,8.0,132879.0
55,56,Robin Hood: Prince of Thieves,PG-13,48000000,390493908,1991-06-14,Adventure,143,6.9,168877.0
56,57,Hook,PG,70000000,300854823,1991-12-11,Family,144,6.8,218151.0
57,58,Backdraft,R,75000000,152368585,1991-05-24,Mystery,137,6.7,67442.0
58,59,Terminator 2: Judgment Day,R,100000000,520000000,1991-07-01,Science Fiction,137,8.5,930593.0
59,60,The Crying Game,R,3705538,62548947,1992-09-02,Romance,112,7.2,48101.0
60,61,The Hand that Rocks the Cradle,R,11700000,88036683,1992-01-10,Drama,110,8.2,348791.0
61,62,Unforgiven,R,14000000,159157447,1992-08-07,Western,131,8.2,348791.0
62,63,Home Alone 2: Lost in New York,PG,18000000,358991681,1992-11-19,Family,120,6.7,269944.0
63,64,Wayne's World,PG-13,20000000,121697323,1992-02-14,Comedy,94,7.0,135657.0
64,65,The Bodyguard,R,25000000,411006740,1992-11-25,Action,129,6.3,110511.0
65,66,Aladdin,G,28000000,504050219,1992-11-25,Animation,90,8.0,336384.0
66,67,White Men Can't Jump,R,31000000,90753806,1992-03-26,Comedy,115,6.8,70430.0
67,68,Sister Act,PG,31000000,231605150,1992-05-28,Comedy,100,6.4,80510.0
68,69,Scent of a Woman,R,31000000,134095253,1992-12-23,Drama,157,8.0,238212.0
69,70,Lethal Weapon 3,R,35000000,321731527,1992-05-15,Action,118,6.7,148440.0
70,71,Under Siege,R,35000000,156563139,1992-10-08,Action,103,6.5,71962.0
71,72,Boomerang,R,40000000,70100000,1992-06-30,Romance,117,5.5,24114.0
72,73,A League of Their Own,PG,40000000,107458785,1992-07-01,Comedy,128,7.2,85932.0
73,74,The Last of the Mohicans,R,40000000,75505856,1992-09-25,Action,112,7.7,139000.0
74,75,Bram Stoker's Dracula,R,40000000,215900000,1992-11-13,Drama,128,7.4,177678.0
75,76,A Few Good Men,R,40000000,243240178,1992-12-11,Drama,138,7.7,218747.0
76,77,Patriot Games,R,45000000,178051587,1992-06-04,Thriller,117,6.9,95783.0
77,78,Basic Instinct,R,49000000,352927224,1992-03-20,Thriller,127,6.9,159658.0
78,79,Batman Returns,PG-13,80000000,280000000,1992-06-19,Action,126,7.0,258216.0
79,80,Cool Runnings,PG,14000000,154864401,1993-09-30,Comedy,98,6.9,85604.0
80,81,Groundhog Day,PG,14600000,70906973,1993-02-11,Comedy,101,8.0,549538.0
81,82,Free Willy,PG,20000000,153698625,1993-07-16,Family,112,5.9,64130.0
82,83,Sleepless in Seattle,PG,21000000,227799884,1993-06-24,Romance,105,6.8,147908.0
83,84,Schindler's List,R,22000000,321365567,1993-11-29,History,195,8.9,1117322.0
84,85,Mrs. Doubtfire,PG-13,25000000,441286195,1993-11-24,Family,125,7.0,226146.0
85,86,Tombstone,R,25000000,56505065,1993-12-25,Drama,130,7.8,117576.0
86,87,Philadelphia,PG-13,26000000,206678440,1993-12-22,Drama,125,7.7,210109.0
87,88,Dave,PG-13,28000000,63000000,1993-05-07,Comedy,110,6.8,46467.0
88,89,Grumpy Old Men,PG-13,35100000,70200000,1993-12-25,Comedy,103,7.0,40509.0
89,90,Indecent Proposal,R,38000000,266614059,1993-04-07,Drama,117,5.9,58078.0
90,91,Sister Act 2: Back in the Habit,PG,38000000,57319029,1993-12-09,Comedy,107,5.6,45380.0
91,92,In the Line of Fire,R,40000000,176997168,1993-07-08,Crime,128,7.2,86650.0
92,93,Rising Sun,R,40000000,107198790,1993-07-30,Thriller,125,6.2,40088.0
93,94,The Firm,R,42000000,270248367,1993-06-30,Mystery,154,6.8,108683.0
94,95,The Fugitive,PG-13,44000000,368875760,1993-08-06,Adventure,130,7.8,249811.0
95,96,The Pelican Brief,PG-13,45000000,195268056,1993-12-16,Crime,141,6.6,71238.0
96,97,Demolition Man,R,57000000,159055768,1993-10-08,Action,115,6.7,148329.0
97,98,Cliffhanger,R,70000000,255000211,1993-05-28,Adventure,112,6.4,113299.0
98,99,Jurassic Park III,PG-13,93000000,368800000,2001-07-16,Thriller,92,8.9,1690474.0
99,100,Pulp Fiction,R,8000000,213928762,1994-09-10,Thriller,154,8.9,1690474.0
100,101,Ace Ventura: Pet Detective,PG-13,15000000,107217396,1994-02-04,Comedy,86,6.9,260044.0
101,102,Dumb and Dumber,PG-13,16000000,247275374,1994-12-16,Comedy,107,7.3,334497.0
102,103,The Santa Clause,PG,22000000,189833357,1994-11-10,Family,97,6.4,86610.0
103,104,The Mask,PG-13,23000000,351583407,1994-07-29,Romance,101,6.9,320839.0
104,105,Speed,R,30000000,350448145,1994-06-09,Action,116,7.2,309338.0
105,106,Legends of the Fall,R,30000000,160638883,1994-12-16,Drama,133,7.5,136361.0
106,107,Star Trek: Generations,PG,38000000,120000000,1994-11-17,Science Fiction,118,8.5,869127.0
107,108,The Lion King,G,45000000,788241776,1994-06-23,Animation,89,8.5,869127.0
108,109,The Client,PG-13,45000000,117615211,1994-07-20,Drama,119,6.7,55788.0
109,110,The Specialist,R,45000000,170362582,1994-10-07,Action,110,5.6,59371.0
110,111,The Flintstones,PG,46000000,341631208,1994-05-26,Family,91,4.9,71389.0
111,112,Forrest Gump,PG-13,55000000,677945399,1994-07-06,Comedy,142,8.8,1657851.0
112,113,Stargate,PG-13,55000000,196567262,1994-10-27,Science Fiction,121,7.1,167516.0
113,114,Disclosure,R,55000000,214015089,1994-12-09,Drama,123,6.1,43455.0
114,115,Interview with the Vampire,R,60000000,223664608,1994-11-11,Horror,123,6.9,83296.0
115,116,Clear and Present Danger,PG-13,62000000,215887717,1994-08-03,Thriller,141,6.9,83296.0
116,117,Wolf,R,70000000,131000000,1994-06-17,Fantasy,125,6.2,49903.0
117,118,Maverick,PG,75000000,183000000,1994-05-20,Action,127,7.0,96405.0
118,119,True Lies,R,115000000,378882411,1994-07-14,Action,141,7.2,223671.0
119,120,While You Were Sleeping,PG,17000000,182057016,1995-04-21,Romance,103,6.7,85626.0
120,121,Dangerous Minds,R,23000000,179519401,1995-08-11,Crime,99,6.5,45479.0
121,122,Grumpier Old Men,PG-13,25000000,71500000,1995-12-22,Comedy,101,6.7,22759.0
122,123,Father of the Bride Part II,PG,30000000,76578911,1995-02-10,Comedy,106,6.0,31971.0
123,124,Toy Story,G,30000000,373554033,1995-10-30,Animation,81,8.3,820625.0
124,125,Ace Ventura: When Nature Calls,PG-13,30000000,212385533,1995-11-10,Comedy,90,6.4,191266.0
125,126,Get Shorty,R,30250000,115101622,1995-10-20,Comedy,105,6.9,72078.0
126,127,Mr. Holland's Opus,PG,31000000,106269971,1995-12-29,Family,137,7.3,33906.0
127,128,Se7en,R,33000000,327311859,1995-09-22,Action,127,8.6,1323681.0
128,129,Casper,PG,50000000,287928194,1995-05-26,Family,100,6.1,110490.0
129,130,Congo,PG-13,50000000,152022101,1995-06-09,Drama,109,5.2,39870.0
130,131,Apollo 13,PG,52000000,355237933,1995-06-30,Drama,140,7.6,250975.0
131,132,Crimson Tide,R,53000000,157387195,1995-05-12,Thriller,116,7.3,95145.0
132,133,Pocahontas,G,55000000,346079773,1995-06-14,Animation,81,6.7,156670.0
133,134,GoldenEye,PG-13,58000000,352194034,1995-11-16,Action,130,7.2,226013.0
134,135,Jumanji,PG,65000000,262797249,1995-12-15,Family,104,7.0,277496.0
135,136,Braveheart,R,72000000,210000000,1995-05-24,Action,177,8.3,907287.0
136,137,Die Hard: With a Vengeance,R,90000000,366101666,1995-05-19,Thriller,128,5.4,224254.0
137,138,Batman Forever,PG-13,100000000,336529144,1995-06-16,Action,121,5.4,224254.0
138,139,Waterworld,PG-13,175000000,264218220,1995-07-28,Action,135,6.2,169984.0
139,140,Scream,R,14000000,173046663,1996-12-20,Horror,111,7.2,267513.0
140,141,The First Wives Club,PG,26000000,116400000,1996-09-20,Comedy,102,6.4,39451.0
141,142,The English Patient,R,27000000,231976425,1996-11-14,War,162,7.4,168450.0
142,143,The Birdcage,R,31000000,185260553,1996-03-08,Comedy,117,7.1,74466.0
143,144,Phenomenon,PG,32000000,152036382,1996-07-05,Drama,123,6.4,71796.0
144,145,A Time to Kill,R,40000000,152266007,1996-07-24,Crime,149,7.5,121642.0
145,146,Star Trek: First Contact,PG-13,46000000,150000000,1996-11-21,Science Fiction,111,7.6,111959.0
146,147,Broken Arrow,R,50000000,150270147,1996-02-09,Thriller,108,6.0,86863.0
147,148,Jerry Maguire,R,50000000,273552592,1996-12-06,Comedy,139,7.3,226489.0
148,149,The Nutty Professor,PG-13,54000000,128769345,1996-06-26,Comedy,95,5.6,103475.0
149,150,101 Dalmatians,G,54000000,320689294,1996-11-17,Comedy,103,5.7,94582.0
150,151,The Rock,R,75000000,335062621,1996-06-06,Action,136,7.4,297268.0
151,152,Independence Day,PG-13,75000000,816969268,1996-06-25,Action,145,7.0,503229.0
152,153,Mission: Impossible,PG-13,80000000,457696359,1996-05-22,Action,110,7.1,365266.0
153,154,Ransom,R,80000000,309492681,1996-11-08,Thriller,117,6.6,112739.0
154,155,Space Jam,PG,80000000,250200000,1996-11-15,Comedy,88,6.4,145336.0
155,156,Twister,PG-13,92000000,494471524,1996-05-10,Action,113,6.4,164803.0
156,157,The Hunchback of Notre Dame,PG,100000000,100138851,1996-06-21,Animation,91,6.9,130850.0
157,158,Eraser,R,100000000,242295562,1996-06-21,Drama,115,6.1,98473.0
158,159,Michael,PG,119700000,119718203,1996-12-25,Fantasy,105,5.7,39051.0
159,160,Good Will Hunting,R,10000000,225933435,1997-12-05,Drama,126,8.3,787732.0
160,161,I Know What You Did Last Summer,R,17000000,125586134,1997-10-17,Horror,100,5.7,125924.0
161,162,Scream 2,R,24000000,172363301,1997-12-09,Horror,120,6.2,147635.0
162,163,My Best Friend's Wedding,PG-13,38000000,299288605,1997-06-19,Comedy,105,6.3,120020.0
163,164,Liar Liar,PG-13,45000000,302710615,1997-03-21,Comedy,86,6.9,264851.0
164,165,As Good as It Gets,PG-13,50000000,314178011,1997-12-19,Comedy,139,7.7,258974.0
165,166,George of the Jungle,PG,55000000,174400000,1997-07-15,Family,92,5.4,66725.0
166,167,The Lost World: Jurassic Park,PG-13,73000000,229074524,1997-05-23,Action,129,6.6,353168.0
167,168,Con Air,R,75000000,224012234,1997-06-01,Action,115,6.9,261542.0
168,169,Conspiracy Theory,R,75000000,136982834,1997-08-07,Action,135,6.7,88858.0
169,170,Face/Off,R,80000000,245676146,1997-06-27,Thriller,138,7.3,331618.0
170,171,Flubber,PG,80000000,177977226,1997-11-26,Science Fiction,93,5.3,79581.0
171,172,Hercules,G,85000000,252712101,1997-06-26,Animation,93,7.3,188044.0
172,173,Air Force One,R,85000000,315156409,1997-07-25,Action,124,6.5,170035.0
173,174,Men in Black,PG-13,90000000,589390539,1997-07-02,Thriller,98,7.3,486947.0
174,175,Contact,PG,90000000,171120329,1997-07-11,Science Fiction,150,7.4,239569.0
175,176,Tomorrow Never Dies,PG-13,110000000,333011068,1997-12-11,Action,119,6.5,171081.0
176,177,Batman and Robin,PG-13,160000000,238200000,1997-06-12,Action,125,7.8,978389.0
177,178,Titanic,PG-13,200000000,1845034188,1997-11-18,Romance,194,7.8,978389.0
178,179,There's Something About Mary,R,23000000,369884651,1998-07-15,Romance,119,7.1,278096.0
179,180,The Waterboy,PG-13,23000000,185991646,1998-11-06,Comedy,90,6.1,140363.0
180,181,Shakespeare in Love,R,25000000,289317794,1998-12-11,History,122,7.1,203939.0
181,182,The Rugrats Movie,G,30000000,100491683,1998-11-20,Animation,79,5.9,17025.0
182,183,Rush Hour,PG-13,33000000,244386864,1998-09-18,Comedy,98,7.0,224449.0
183,184,Stepmom,PG-13,50000000,159700000,1998-12-25,Drama,124,6.8,56910.0
184,185,Patch Adams,PG-13,50000000,202292902,1998-12-25,Drama,115,6.8,97429.0
185,186,The Truman Show,PG,60000000,264118201,1998-06-04,Comedy,103,8.1,859224.0
186,187,You've Got Mail,PG,65000000,250821495,1998-12-17,Romance,119,6.6,180707.0
187,188,Saving Private Ryan,R,70000000,481840909,1998-07-24,War,169,8.6,1140752.0
188,189,The Prince of Egypt,PG,70000000,218613188,1998-12-15,Animation,99,7.1,110340.0
189,190,Doctor Dolittle,PG-13,71000000,294456605,1998-06-22,Family,85,5.4,87146.0
190,191,Deep Impact,PG-13,75000000,140464664,1998-05-08,Drama,120,6.2,153606.0
191,192,Mulan,G,90000000,304320254,1998-06-18,Animation,88,7.6,229669.0
192,193,Enemy of the State,R,90000000,250649836,1998-11-20,Thriller,132,7.3,216789.0
193,194,The Mask of Zorro,PG-13,95000000,250288523,1998-07-16,Action,136,6.7,159093.0
194,195,A Bug's Life,G,120000000,363258859,1998-11-25,Animation,95,7.2,251436.0
195,196,Godzilla,PG-13,130000000,379014294,1998-05-20,Thriller,139,5.4,174600.0
196,197,Armageddon,PG-13,140000000,553799566,1998-07-01,Science Fiction,151,6.7,376785.0
197,198,Lethal Weapon 4,R,140000000,285444603,1998-07-10,Comedy,127,6.6,145685.0
198,199,The Blair Witch Project,R,60000,248000000,1999-07-14,Horror,81,6.5,220304.0
199,200,American Pie,R,11000000,235483004,1999-07-09,Comedy,95,7.0,357670.0
200,201,American Beauty,R,15000000,356296601,1999-09-15,Drama,122,8.3,1007472.0
201,202,Big Daddy,PG-13,34200000,234801895,1999-06-25,Comedy,93,6.4,188280.0
202,203,The Sixth Sense,PG-13,40000000,672806292,1999-08-06,Thriller,107,8.1,860079.0
203,204,Notting Hill,PG-13,42000000,363889678,1999-05-13,Romance,124,7.1,251006.0
204,205,The General's Daughter,R,60000000,149705852,1999-06-18,Thriller,116,6.3,49909.0
205,206,The Green Mile,R,60000000,284600000,1999-12-10,Fantasy,189,8.6,1046936.0
206,207,The Matrix,R,63000000,463517383,1999-03-30,Science Fiction,136,8.7,1550148.0
207,208,Runaway Bride,PG,70000000,309457509,1999-07-30,Romance,116,5.5,88557.0
208,209,Double Jeopardy,R,70000000,177841558,1999-09-24,Crime,105,6.5,67389.0
209,210,Analyze This,R,80000000,176885658,1999-03-05,Comedy,103,6.7,139603.0
210,211,The Mummy,PG-13,80000000,415885488,1999-04-16,Adventure,124,7.0,372009.0
211,212,Toy Story 2,G,90000000,497366869,1999-10-30,Animation,92,7.9,489299.0
212,213,Star Wars: Episode I - The Phantom Menace,PG,115000000,924317558,1999-05-19,Science Fiction,136,6.5,667362.0
213,214,Stuart Little,PG,133000000,300135367,1999-12-17,Family,84,5.9,117811.0
214,215,The World Is Not Enough,PG-13,135000000,361832400,1999-11-08,Adventure,128,7.4,545440.0
215,216,Tarzan,PG,150000000,448000000,1999-06-18,Animation,88,7.3,187724.0
216,217,Wild Wild West,PG-13,170000000,222104681,1999-06-29,Western,106,4.9,146265.0
217,218,"Crouching Tiger, Hidden Dragon",PG-13,17000000,213525736,2000-10-01,Romance,120,7.8,242878.0
218,219,Scary Movie,R,19000000,278019771,2000-07-07,Comedy,88,6.2,219032.0
219,220,Big Momma's House,PG-13,30000000,173959438,2000-05-31,Crime,98,5.1,77180.0
220,221,Remember the Titans,PG,30000000,136706683,2000-09-29,Drama,113,7.8,186997.0
221,222,Chicken Run,G,45000000,224834564,2000-06-21,Comedy,84,7.0,167036.0
222,223,Traffic,R,48000000,207515725,2000-12-27,Drama,147,7.6,188060.0
223,224,Erin Brockovich,R,52000000,256271286,2000-03-17,Drama,131,7.3,161958.0
224,225,Meet the Parents,PG-13,55000000,330444045,2000-10-06,Comedy,108,7.0,296549.0
225,226,What Women Want,PG-13,70000000,374111707,2000-12-15,Comedy,127,6.4,182948.0
226,227,X-Men,PG-13,75000000,296339527,2000-07-13,Adventure,104,7.4,545440.0
227,228,Nutty Professor II: The Klumps,PG-13,84000000,123307945,2000-07-27,Comedy,106,4.4,46222.0
228,229,Cast Away,PG-13,90000000,429632142,2000-12-22,Drama,143,7.8,482899.0
229,230,Charlie's Angels,PG-13,92000000,264105545,2000-11-02,Comedy,98,5.5,166141.0
230,231,What Lies Beneath,PG-13,100000000,155464351,2000-07-21,Drama,130,6.6,111917.0
231,232,Gladiator,R,103000000,457640427,2000-05-01,Action,155,8.5,1243670.0
232,233,The Patriot,R,110000000,215294342,2000-06-28,History,165,7.2,241120.0
233,234,The Perfect Storm,PG-13,120000000,325756637,2000-03-15,Drama,130,6.4,148948.0
234,235,How the Grinch Stole Christmas,PG,123000000,345141403,2000-11-17,Family,104,6.1,186192.0
235,236,Mission: Impossible II,PG-13,125000000,546388105,2000-05-24,Adventure,123,6.1,296109.0
236,237,Dinosaur,PG,127500000,354248063,2000-05-19,Animation,82,6.5,48922.0
237,238,American Pie 2,R,30000000,287553595,2001-08-10,Comedy,108,6.4,228537.0
238,239,Spy Kids,PG,35000000,147934180,2001-03-18,Family,88,5.4,101720.0
239,240,The Princess Diaries,G,37000000,165335153,2001-08-03,Romance,115,6.3,118754.0
240,241,The Fast and the Furious,PG-13,38000000,207283925,2001-06-22,Crime,106,6.8,327057.0
241,242,Shrek,PG,60000000,484409218,2001-05-16,Animation,90,7.8,574978.0
242,243,A Beautiful Mind,PG-13,60000000,313542341,2001-12-11,Drama,135,8.2,788060.0
243,244,Vanilla Sky,R,68000000,203388341,2001-12-10,Mystery,136,6.9,237238.0
244,245,Dr. Dolittle 2,PG,70000000,176104344,2001-06-22,Comedy,87,4.7,39656.0
245,246,Ocean's Eleven,PG-13,85000000,450717150,2001-12-07,Thriller,116,7.8,482386.0
246,247,Hannibal,PG-13,87000000,351692268,2001-02-08,Thriller,131,6.8,240535.0
247,248,Rush Hour 2,PG-13,90000000,347325802,2001-08-03,Comedy,90,6.6,188755.0
248,249,Black Hawk Down,R,92000000,172989651,2001-12-28,War,144,7.7,345280.0
249,250,Jurassic Park III,PG-13,93000000,368780809,2001-07-18,Adventure,92,5.9,280110.0
250,251,The Lord of the Rings: The Fellowship of the Ring,PG-13,93000000,871368364,2001-12-18,Fantasy,178,8.8,1545228.0
251,252,The Mummy Returns,PG-13,98000000,433013274,2001-04-28,Adventure,130,6.3,287749.0
252,253,Planet of the Apes,PG-13,100000000,362211740,2001-07-25,Science Fiction,119,5.7,203564.0
253,254,Lara Croft: Tomb Raider,PG-13,115000000,274703340,2001-06-11,Adventure,100,5.8,188607.0
254,255,"Monsters, Inc.",G,115000000,562816256,2001-11-01,Comedy,92,8.0,758349.0
255,256,Harry Potter and the Sorcerer's Stone,PG,125000000,975100000,2001-11-04,Fantasy,152,7.6,583224.0
256,257,Pearl Harbor,PG-13,140000000,449220945,2001-05-21,War,183,6.2,297066.0
257,258,My Big Fat Greek Wedding,PG,5000000,368744044,2002-02-22,Comedy,95,6.5,114907.0
258,259,Sweet Home Alabama,PG-13,30000000,180622424,2002-09-26,Romance,108,6.2,96978.0
259,260,The Ring,PG-13,48000000,249348933,2002-10-18,Horror,115,7.1,303397.0
260,261,Mr. Deeds,PG-13,50000000,171269535,2002-06-28,Comedy,96,5.8,129182.0
261,262,Ice Age,PG,59000000,383257136,2002-03-10,Animation,81,7.5,411963.0
262,263,The Bourne Identity,PG-13,60000000,214034224,2002-06-14,Action,119,7.9,481712.0
263,264,Austin Powers in Goldmember,PG-13,63000000,296655431,2002-07-26,Science Fiction,94,6.2,186825.0
264,265,The Santa Clause 2,G,65000000,172855065,2002-10-31,Family,104,5.6,45755.0
265,266,xXx,PG-13,70000000,277448382,2002-08-09,Adventure,124,5.9,167855.0
266,267,Signs,PG-13,72000000,408247917,2002-08-02,Science Fiction,106,6.7,321975.0
267,268,The Lord of the Rings: The Two Towers,PG-13,79000000,926287400,2002-12-18,Fantasy,179,8.7,1383826.0
268,269,Lilo & Stitch,PG,80000000,145771527,2002-06-21,Animation,85,6.7,351725.0
269,270,Scooby-Doo,PG,84000000,275650703,2002-06-14,Mystery,88,5.0,90185.0
270,271,Harry Potter and the Chamber of Secrets,PG,100000000,876688482,2002-11-13,Fantasy,161,7.4,505027.0
271,272,Minority Report,PG-13,102000000,358372926,2002-06-20,Science Fiction,145,7.6,477892.0
272,273,Star Wars: Episode II - Attack of the Clones,PG-13,120000000,649398328,2002-05-15,Science Fiction,142,6.6,587304.0
273,274,Spider-Man,PG-13,139000000,821708551,2002-05-01,Fantasy,121,7.3,652224.0
274,275,Men in Black 2,PG-13,140000000,441800000,2002-07-03,Action,88,7.4,489354.0
275,276,Die Another Day,PG-13,140000000,431971116,2002-11-17,Adventure,133,6.1,194441.0
276,277,Bringing Down the House,PG-13,20000000,132675402,2003-03-07,Comedy,105,5.6,33619.0
277,278,Elf,PG,32000000,173398518,2003-10-09,Comedy,97,6.9,194453.0
278,279,Spy Kids 3-D: Game Over,PG,38000000,197011982,2003-07-25,Family,84,4.2,50809.0
279,280,Cheaper by the Dozen,PG,40000000,190212113,2003-12-24,Comedy,98,5.8,88445.0
280,281,Anger Management,PG-13,75000000,195745823,2003-04-11,Comedy,106,6.2,194353.0
281,282,2 Fast 2 Furious,PG-13,76000000,236350661,2003-06-05,Thriller,107,5.9,236645.0
282,283,Bruce Almighty,PG-13,80000000,484572835,2003-05-23,Comedy,101,6.7,351725.0
283,284,S.W.A.T.,PG-13,80000000,116643346,2003-08-08,Crime,117,6.0,132856.0
284,285,Something's Gotta Give,PG-13,80000000,266728738,2003-12-12,Drama,128,6.7,105201.0
285,286,Seabiscuit,PG-13,87000000,148336445,2003-07-22,Drama,141,7.3,63813.0
286,287,Finding Nemo,G,94000000,940335536,2003-05-30,Animation,100,8.1,887773.0
287,288,The Lord of the Rings: The Return of the King,PG-13,94000000,1118888979,2003-12-01,Fantasy,201,8.9,1529953.0
288,289,X2: X-Men United,PG-13,110000000,407700000,2003-05-02,Action,133,7.4,489354.0
289,290,Bad Boys II,R,130000000,273339556,2003-07-18,Comedy,147,6.6,210294.0
290,291,Hulk,PG-13,137000000,245360480,2003-06-19,Science Fiction,138,5.6,242722.0
291,292,Pirates of the Caribbean: The Curse of the Black Pearl,PG-13,140000000,655011224,2003-07-09,Adventure,143,8.0,976208.0
292,293,The Last Samurai,R,140000000,456758981,2003-12-05,War,154,7.7,376039.0
293,294,The Matrix Reloaded,R,150000000,738599701,2003-05-15,Science Fiction,138,7.2,487328.0
294,295,The Matrix Revolutions,R,150000000,424988211,2003-11-05,Science Fiction,129,6.7,423134.0
295,296,Terminator 3: Rise of the Machines,R,200000000,435000000,2003-07-02,Thriller,109,6.3,357127.0
296,297,Fahrenheit 9/11,R,6000000,119114517,2004-06-25,Drama,122,7.5,123244.0
297,298,DodgeBall: A True Underdog Story,PG-13,20000000,167722310,2004-06-18,Comedy,92,6.1,232864.0
298,299,The Passion of the Christ,R,30000000,611899420,2004-02-25,Drama,127,7.1,203486.0
299,300,The Village,PG-13,60000000,256697520,2004-07-30,Drama,108,6.5,231358.0
300,301,50 First Dates,PG-13,75000000,196482882,2004-02-13,Comedy,99,6.8,308950.0
301,302,The Bourne Supremacy,PG-13,75000000,288500217,2004-07-23,Action,108,7.7,412796.0
302,303,Shark Tale,PG,75000000,367275019,2004-09-20,Animation,90,6.0,157494.0
303,304,Meet the Fockers,PG-13,80000000,516642939,2004-12-22,Comedy,115,6.3,241144.0
304,305,The Incredibles,PG,92000000,631442092,2004-11-05,Animation,115,8.0,617102.0
305,306,National Treasure,PG,100000000,347451894,2004-11-19,Mystery,131,6.8,289084.0
306,307,Ocean's Twelve,PG-13,110000000,362744280,2004-12-09,Thriller,125,6.5,337180.0
307,308,"I, Robot",PG-13,120000000,347234916,2004-07-15,Science Fiction,115,7.1,472748.0
308,309,The Day After Tomorrow,PG-13,125000000,544272402,2004-05-26,Action,124,6.4,393340.0
309,310,Harry Potter and the Prisoner of Azkaban,PG,130000000,789804554,2004-05-31,Fantasy,141,7.9,501648.0
310,311,Lemony Snicket's A Series of Unfortunate Events,PG,140000000,209073645,2004-12-16,Comedy,108,6.8,187021.0
311,312,Shrek 2,PG,150000000,919838758,2004-05-19,Animation,93,7.2,391295.0
312,313,Van Helsing,PG-13,160000000,300257475,2004-05-05,Horror,132,6.1,232864.0
313,314,The Polar Express,G,165000000,305875730,2004-11-10,Animation,100,6.6,158237.0
314,315,Troy,R,175000000,497409852,2004-05-13,War,163,7.2,460689.0
315,316,Spider-Man 2,PG-13,200000000,783766341,2004-06-25,Action,127,7.3,511447.0
316,317,The 40 Year Old Virgin,R,26000000,109449237,2005-08-11,Comedy,116,7.7,500448.0
317,318,Walk the Line,PG-13,28000000,186438883,2005-09-13,Drama,136,7.8,218317.0
318,319,Wedding Crashers,R,40000000,285176741,2005-07-14,Comedy,119,6.9,318291.0
319,320,Flightplan,PG-13,55000000,223387299,2005-09-22,Thriller,98,6.3,145570.0
320,321,The Pacifier,PG,56000000,113006880,2005-03-04,Comedy,95,5.6,82064.0
321,322,Hitch,PG-13,70000000,368100420,2005-02-10,Comedy,118,6.6,282005.0
322,323,Robots,PG,75000000,260696994,2005-03-10,Animation,91,6.3,124743.0
323,324,Madagascar,PG,75000000,532680671,2005-05-25,Animation,86,6.9,340576.0
324,325,The Longest Yard,PG-13,82000000,190320568,2005-05-19,Drama,113,6.4,153016.0
325,326,Fantastic Four,PG-13,100000000,330579719,2005-06-29,Action,106,5.7,300723.0
326,327,Fun with Dick and Jane,PG-13,100000000,202026112,2005-12-21,Comedy,90,6.1,126990.0
327,328,Mr. & Mrs. Smith,PG-13,110000000,478207520,2005-06-07,Comedy,120,6.7,150380.0
328,329,Star Wars: Episode III - Revenge of the Sith,PG-13,113000000,850000000,2005-05-17,Science Fiction,140,7.5,653713.0
329,330,War of the Worlds,PG-13,132000000,591739379,2005-06-28,Science Fiction,116,6.5,394088.0
330,331,Batman Begins,PG-13,150000000,374218673,2005-06-10,Action,140,8.2,1222163.0
331,332,Charlie and the Chocolate Factory,PG,150000000,474968763,2005-07-13,Family,115,6.6,397238.0
332,333,Chicken Little,G,150000000,314432665,2005-11-04,Animation,81,5.7,80293.0
333,334,Harry Potter and the Goblet of Fire,PG-13,150000000,895921036,2005-11-05,Fantasy,157,7.7,500448.0
334,335,"The Chronicles of Narnia: The Lion, the Witch and the Wardrobe",PG,180000000,748806957,2005-12-07,Fantasy,143,6.9,345525.0
335,336,King Kong,PG-13,207000000,550000000,2005-12-14,Adventure,187,7.2,372684.0
336,337,Borat: Cultural Learnings of America for Make Benefit Glorious Nation of Kazakhstan,R,18000000,261572744,2006-11-01,Comedy,82,7.3,336918.0
337,338,The Devil Wears Prada,PG-13,35000000,326551094,2006-06-30,Comedy,109,6.9,346453.0
338,339,Scary Movie 4,PG-13,45000000,178262620,2006-04-13,Comedy,83,5.0,108367.0
339,340,The Break-Up,PG-13,52000000,204999686,2006-06-01,Romance,106,5.8,119027.0
340,341,The Pursuit of Happyness,PG-13,55000000,307077295,2006-12-14,Drama,117,8.0,414068.0
341,342,Dreamgirls,PG-13,70000000,154937680,2006-12-25,Drama,134,6.5,65268.0
342,343,Talladega Nights: The Ballad of Ricky Bobby,PG-13,72500000,162966177,2006-08-04,Comedy,116,6.6,157099.0
343,344,Ice Age: The Meltdown,PG,80000000,660940780,2006-03-23,Animation,91,6.8,240160.0
344,345,Over the Hedge,PG,80000000,343397247,2006-04-22,Animation,83,6.7,150380.0
345,346,Click,PG-13,82500000,237681299,2006-06-22,Comedy,107,6.4,288262.0
346,347,The Departed,R,90000000,289847354,2006-10-05,Drama,151,8.5,1101383.0
347,348,Happy Feet,PG,100000000,384335608,2006-11-16,Animation,108,6.4,160365.0
348,349,Night at the Museum,PG,110000000,574480841,2006-10-20,Family,108,6.4,292901.0
349,350,Cars,G,120000000,461983149,2006-06-08,Animation,117,7.1,338715.0
350,351,The Da Vinci Code,PG-13,125000000,767820459,2006-05-17,Mystery,149,6.6,378434.0
351,352,Mission: Impossible III,PG-13,150000000,397850012,2006-05-03,Adventure,126,6.9,311936.0
352,353,Casino Royale,PG-13,150000000,599045960,2006-11-14,Thriller,144,8.0,546930.0
353,354,Pirates of the Caribbean: Dead Man's Chest,PG-13,200000000,1065659812,2006-06-20,Adventure,151,7.3,622392.0
354,355,X-Men: The Last Stand,PG-13,210000000,459359555,2006-05-24,Action,104,6.7,461302.0
355,356,Superman Returns,PG-13,270000000,391081192,2006-06-28,Action,154,6.0,262915.0
356,357,Juno,PG-13,7500000,231411584,2007-12-05,Comedy,96,7.4,471466.0
357,358,Knocked Up,R,30000000,219076518,2007-06-01,Comedy,129,6.9,335994.0
358,359,Wild Hogs,PG-13,60000000,253625427,2007-03-02,Comedy,100,5.8,110340.0
359,360,300,R,60000000,454161935,2007-03-09,Action,155,8.1,681249.0
360,361,Alvin and the Chipmunks,PG,60000000,361366633,2007-12-13,Family,92,5.2,71035.0
361,362,The Bourne Ultimatum,PG-13,70000000,442824138,2007-08-03,Action,115,8.0,584584.0
362,363,The Simpsons Movie,PG-13,75000000,527068851,2007-07-25,Comedy,87,7.3,296295.0
363,364,Enchanted,PG,85000000,340487652,2007-11-20,Family,107,7.0,167752.0
364,365,American Gangster,R,100000000,266465037,2007-11-02,Crime,157,7.8,372553.0
365,366,Live Free or Die Hard,PG-13,110000000,383531464,2007-06-20,Thriller,128,7.1,375083.0
366,367,Fantastic 4: Rise of the Silver Surfer,PG,130000000,289047763,2007-06-13,Action,92,5.6,241962.0
367,368,National Treasure: Book of Secrets,PG,130000000,457363168,2007-12-13,Mystery,124,6.5,208233.0
368,369,Rush Hour 3,PG-13,140000000,258022233,2007-08-08,Comedy,91,6.2,144312.0
369,370,Ratatouille,G,150000000,623722818,2007-06-22,Animation,111,8.0,594171.0
370,371,Transformers,PG-13,150000000,709709780,2007-06-27,Action,144,7.0,575579.0
371,372,Harry Potter and the Order of the Phoenix,PG-13,150000000,938212738,2007-06-28,Fantasy,138,7.5,465046.0
372,373,I Am Legend,PG-13,150000000,585349010,2007-12-14,Drama,101,7.2,645359.0
373,374,Shrek the Third,PG,160000000,798958165,2007-05-17,Animation,93,6.0,261818.0
374,375,Spider-Man 3,PG-13,258000000,890871626,2007-05-01,Action,139,6.2,470900.0
375,376,Pirates of the Caribbean: At World's End,PG-13,300000000,961000000,2007-05-19,Adventure,169,7.1,565402.0
376,377,Slumdog Millionaire,R,15000000,377910544,2008-05-12,Drama,120,8.0,758215.0
377,378,Gran Torino,R,33000000,269958228,2008-12-09,Drama,116,8.1,681249.0
378,379,Twilight,PG-13,37000000,392616625,2008-11-20,Romance,122,5.2,400765.0
379,380,Mamma Mia!,PG-13,52000000,609841637,2008-07-03,Romance,108,6.4,198801.0
380,381,Marley and Me,PG,60000000,247800000,2008-12-25,Drama,115,4.7,252223.0
381,382,Sex and the City,R,65000000,415252786,2008-05-12,Drama,145,5.6,111683.0
382,383,Wanted,R,75000000,258270008,2008-06-19,Crime,110,6.7,345360.0
383,384,Get Smart,PG-13,80000000,230685453,2008-06-19,Comedy,110,6.5,192963.0
384,385,Horton Hears a Who!,G,85000000,297138014,2008-03-03,Animation,88,6.8,123219.0
385,386,Kung Fu Panda,PG,130000000,631744560,2008-06-04,Animation,90,7.5,390478.0
386,387,Iron Man,PG-13,140000000,585174222,2008-04-30,Action,126,7.9,885440.0
387,388,The Incredible Hulk,PG-13,150000000,163712074,2008-06-12,Action,114,6.7,410953.0
388,389,Hancock,PG-13,150000000,624029371,2008-07-01,Fantasy,92,6.4,420160.0
389,390,Madagascar: Escape 2 Africa,PG,150000000,603900354,2008-10-30,Animation,89,6.6,189290.0
390,391,The Curious Case of Benjamin Button,PG-13,150000000,333932083,2008-11-24,Mystery,166,7.8,549809.0
391,392,WALL-E,G,180000000,533300000,2008-06-23,Animation,97,7.6,429384.0
392,393,Indiana Jones and the Kingdom of the Crystal Skull,PG-13,185000000,786636033,2008-05-21,Adventure,122,6.1,400210.0
393,394,The Dark Knight,PG-13,185000000,1004558444,2008-07-16,Action,152,9.0,2127228.0
394,395,Quantum of Solace,PG-13,200000000,586090727,2008-10-30,Action,106,6.6,382597.0
395,396,The Chronicles of Narnia: Prince Caspian,PG,225000000,419651413,2008-05-15,Fantasy,150,6.5,182624.0
396,397,Taken,PG-13,25000000,226800000,2009-01-30,Thriller,90,7.6,473121.0
397,398,Paul Blart: Mall Cop,PG,26000000,183293131,2009-01-15,Comedy,91,5.2,97379.0
398,399,The Blind Side,R,29000000,309208309,2009-11-20,Drama,129,7.6,272556.0
399,400,The Hangover,R,35000000,459270619,2009-06-05,Comedy,100,7.7,681246.0
400,401,The Proposal,PG-13,40000000,317375031,2009-06-01,Romance,108,6.7,277605.0
401,402,The Twilight Saga: New Moon,PG-13,50000000,709827462,2009-03-15,Romance,130,4.7,252223.0
402,403,Alvin and the Chipmunks: The Squeakquel,PG,75000000,443140005,2009-12-21,Family,88,4.5,40285.0
403,404,Fast and Furious,PG-13,85000000,363200000,2009-04-03,Thriller,107,8.8,1888105.0
404,405,Ice Age: Dawn of the Dinosaurs,PG,90000000,886686817,2009-06-29,Animation,94,6.9,208859.0
405,406,Sherlock Holmes,PG-13,90000000,524028679,2009-12-23,Mystery,128,7.6,556227.0
406,407,X-Men Origins: Wolverine,PG-13,150000000,373062864,2009-04-28,Action,107,6.6,445334.0
407,408,Star Trek,PG-13,150000000,385680446,2009-05-06,Science Fiction,127,7.9,561041.0
408,409,Night at the Museum: Battle of the Smithsonian,PG,150000000,413106170,2009-05-20,Family,105,6.0,164438.0
409,410,Transformers: Revenge of the Fallen,PG-13,150000000,836297228,2009-06-19,Action,150,6.0,369460.0
410,411,Monsters vs Aliens,PG,175000000,381509870,2009-03-19,Animation,94,7.7,374981.0
411,412,Up,PG,175000000,735099082,2009-05-13,Animation,96,8.2,867393.0
412,413,G.I. Joe: The Rise of Cobra,PG-13,175000000,302469017,2009-08-04,Action,118,5.8,192848.0
413,414,2012,PG-13,200000000,769653595,2009-10-10,Adventure,158,4.3,28949.0
414,415,Avatar,PG-13,237000000,2787965087,2009-12-10,Adventure,162,7.8,1064378.0
415,416,Harry Potter and the Half-Blood Prince,PG,250000000,933959197,2009-07-07,Fantasy,153,7.6,429384.0
416,417,The King's Speech,R,15000000,414211549,2010-09-06,Drama,118,8.0,603556.0
417,418,True Grit,PG-13,38000000,252276927,2010-12-22,Western,110,7.6,289841.0
418,419,The Karate Kid,PG,40000000,357852395,2010-06-10,Action,140,6.2,149538.0
419,420,The Twilight Saga: Eclipse,PG-13,68000000,698491347,2010-06-23,Romance,124,5.0,215110.0
420,421,Despicable Me,PG,69000000,543513985,2010-07-08,Animation,95,7.6,473121.0
421,422,Shutter Island,R,80000000,294804195,2010-02-18,Drama,138,8.1,1033626.0
422,423,Grown Ups,PG-13,80000000,271430189,2010-06-24,Comedy,102,5.9,214850.0
423,424,Little Fockers,PG-13,100000000,310650585,2010-12-21,Comedy,98,5.5,100845.0
424,425,Clash of the Titans,PG-13,125000000,493200000,2010-04-02,Thriller,108,5.8,260054.0
425,426,Megamind,PG,130000000,321887208,2010-10-28,Animation,95,7.2,212563.0
426,427,The Last Airbender,PG,150000000,318502923,2010-06-30,Adventure,103,4.1,139750.0
427,428,Inception,PG-13,160000000,825532764,2010-07-14,Action,148,8.8,1888105.0
428,429,How to Train Your Dragon,PG,165000000,494878759,2010-03-05,Animation,98,8.1,624128.0
429,430,Shrek Forever After,PG,165000000,752600867,2010-05-16,Animation,93,6.3,171513.0
430,431,Tron Legacy,PG,170000000,400000000,2010-12-17,Science Fiction,125,6.9,545814.0
431,432,Alice in Wonderland,PG,200000000,1025491110,2010-03-03,Fantasy,108,6.4,364339.0
432,433,Iron Man 2,PG-13,200000000,623933331,2010-04-28,Action,124,7.0,675501.0
433,434,Toy Story 3,G,200000000,1066969703,2010-06-16,Animation,103,8.3,705408.0
434,435,Harry Potter and the Deathly Hallows: Part 1,PG-13,250000000,954305868,2010-10-17,Fantasy,146,7.7,436403.0
435,436,Tangled,PG,260000000,591794936,2010-11-24,Animation,100,7.7,374981.0
436,437,The Help,PG-13,25000000,124272124,2011-08-09,Drama,146,8.1,399843.0
437,438,Bridesmaids,R,32500000,288383523,2011-04-28,Comedy,125,6.8,253501.0
438,439,Alvin and the Chipmunks: Chipwrecked,G,75000000,342695435,2011-12-14,Family,87,4.3,28949.0
439,440,The Hangover Part II,R,80000000,254455986,2011-05-25,Comedy,102,6.4,440120.0
440,441,Rio,G,90000000,484635760,2011-04-03,Animation,96,6.9,194794.0
441,442,Rise of the Planet of the Apes,PG-13,93000000,482860185,2011-08-03,Science Fiction,105,7.6,478465.0
442,443,The Twilight Saga: Breaking Dawn - Part 1,PG-13,110000000,712171856,2011-03-15,Romance,117,4.9,211592.0
443,444,The Smurfs,PG,110000000,563749323,2011-07-29,Animation,103,5.4,78902.0
444,445,Fast Five,PG-13,125000000,626137675,2011-04-20,Action,130,7.3,335531.0
445,446,Harry Potter and the Deathly Hallows: Part 2,PG-13,125000000,1342000000,2011-07-07,Fantasy,130,8.1,706836.0
446,447,Sherlock Holmes: A Game of Shadows,PG-13,125000000,334615000,2011-11-22,Mystery,129,7.5,399957.0
447,448,Puss in Boots: The Three Diablos,PG,130000000,555000000,2011-12-08,Animation,130,7.8,727724.0
448,449,Captain America: The First Avenger,PG-13,140000000,370569774,2011-07-22,Action,124,6.9,687208.0
449,450,Mission: Impossible - Ghost Protocol,PG-13,145000000,694713380,2011-12-07,Thriller,133,7.4,434810.0
450,451,Thor,PG-13,150000000,449326618,2011-04-21,Action,115,7.0,700777.0
451,452,Kung Fu Panda 2,PG,150000000,665692281,2011-05-25,Animation,91,7.2,234612.0
452,453,Transformers: Dark of the Moon,PG-13,195000000,1123746996,2011-06-28,Action,154,6.2,370672.0
453,454,Cars 2,G,200000000,559852396,2011-06-11,Animation,106,6.1,144174.0
454,455,Pirates of the Caribbean: On Stranger Tides,PG-13,380000000,1045713802,2011-05-14,Action,136,6.6,455211.0
455,456,Taken 2,PG-13,45000000,376141306,2012-09-27,Thriller,91,6.2,276940.0
456,457,Ted,R,50000000,549368315,2012-06-29,Comedy,106,6.9,545814.0
457,458,Les Miserables,PG-13,61000000,441800000,2012-12-05,Drama,158,7.5,527284.0
458,459,Lincoln,PG-13,65000000,275293450,2012-11-09,History,149,7.3,232227.0
459,460,The Lorax,PG,70000000,348840316,2012-03-01,Animation,86,6.4,91777.0
460,461,The Hunger Games,PG-13,75000000,691210692,2012-03-12,Adventure,142,7.2,805367.0
461,462,Hotel Transylvania,PG,85000000,358375603,2012-09-20,Animation,91,7.1,208916.0
462,463,Ice Age: Continental Drift,PG,95000000,877244782,2012-06-26,Animation,88,6.6,179430.0
463,464,Django Unchained,R,100000000,425368238,2012-12-25,Western,165,8.4,1246157.0
464,465,The Twilight Saga: Breaking Dawn - Part 2,PG-13,120000000,829000000,2012-11-13,Romance,115,5.5,218357.0
465,466,Madagascar 3: Europe's Most Wanted,PG,145000000,746921274,2012-06-06,Animation,93,6.8,150894.0
466,467,Wreck-It Ralph,PG,165000000,471222889,2012-11-01,Animation,108,7.7,354202.0
467,468,Snow White and the Huntsman,PG-13,170000000,396600000,2012-05-30,Fantasy,127,6.1,262152.0
468,469,Brave,PG,185000000,538983207,2012-06-21,Animation,93,7.1,346490.0
469,470,Skyfall,PG-13,200000000,1108561013,2012-10-25,Action,143,7.7,599462.0
470,471,The Amazing Spider-Man,PG-13,215000000,752215857,2012-06-27,Action,136,6.9,534526.0
471,472,The Avengers,PG-13,220000000,1519557910,2012-04-25,Action,143,8.0,1205002.0
472,473,Men in Black 3,PG-13,225000000,624026776,2012-05-23,Action,106,6.8,317807.0
473,474,The Dark Knight Rises,PG-13,250000000,1084939099,2012-07-16,Action,165,8.4,1418253.0
474,475,The Hobbit: An Unexpected Journey,PG-13,250000000,1021103568,2012-11-26,Fantasy,169,7.8,727724.0
475,476,The Conjuring,R,13000000,318000141,2013-07-18,Horror,112,7.5,410378.0
476,477,Identity Thief,R,35000000,173965010,2013-02-07,Comedy,111,5.7,117864.0
477,478,We're The Millers,R,37000000,270000000,2013-08-03,Comedy,110,7.7,685903.0
478,479,American Hustle,R,40000000,251171807,2013-12-12,Crime,138,7.2,424472.0
479,480,The Heat,R,43000000,158674180,2013-06-27,Comedy,117,6.6,155514.0
480,481,Despicable Me 2,PG,76000000,970761885,2013-06-25,Animation,98,7.4,350582.0
481,482,The Great Gatsby,PG-13,105000000,351040419,2013-05-10,Drama,143,7.3,442728.0
482,483,Gravity,PG-13,105000000,716392705,2013-09-27,Science Fiction,91,7.7,724258.0
483,484,The Hunger Games: Catching Fire,PG-13,130000000,847423452,2013-11-15,Adventure,146,7.5,583523.0
484,485,The Croods,PG,135000000,585178928,2013-03-20,Animation,98,7.2,180043.0
485,486,Frozen,PG,150000000,1274219009,2013-11-27,Animation,102,7.5,527284.0
486,487,Fast & Furious 6,PG-13,160000000,788679850,2013-05-06,Action,130,,
487,488,Thor: The Dark World,PG-13,170000000,644571402,2013-10-29,Action,112,6.9,556094.0
488,489,Star Trek Into Darkness,PG-13,190000000,467365246,2013-05-05,Science Fiction,132,7.7,449458.0
489,490,Oz: The Great and Powerful,PG,200000000,491868548,2013-03-07,Drama,130,,
490,491,Iron Man 3,PG-13,200000000,1215439994,2013-04-18,Action,130,7.2,710052.0
491,492,World War Z,PG-13,200000000,531865000,2013-06-20,Science Fiction,116,7.0,564082.0
492,493,Monsters University,G,200000000,743559607,2013-06-20,Animation,104,7.3,299133.0
493,494,Man of Steel,PG-13,225000000,662845518,2013-06-12,Action,143,7.1,657937.0
494,495,The Hobbit: The Desolation of Smaug,PG-13,250000000,958400000,2013-12-11,Fantasy,161,7.8,573246.0
495,496,Neighbors,R,18000000,268157400,2014-05-08,Comedy,96,6.3,270504.0
496,497,22 Jump Street,R,50000000,188441614,2014-06-05,Comedy,112,7.0,325958.0
497,498,American Sniper,R,58800000,542307423,2014-12-11,War,133,7.3,409597.0
498,499,The Lego Movie,PG,60000000,469160692,2014-02-06,Animation,100,7.8,309295.0
499,500,Gone Girl,R,61000000,369330363,2014-10-01,Thriller,145,8.1,782252.0
500,501,Divergent,PG-13,85000000,288747895,2014-03-14,Action,139,6.7,405233.0
501,502,Teenage Mutant Ninja Turtles,PG-13,125000000,477200000,2014-08-07,Action,101,5.8,194073.0
502,503,The Hunger Games: Mockingjay - Part 1,PG-13,125000000,752100229,2014-11-18,Adventure,123,6.6,386742.0
503,504,How to Train Your Dragon 2,PG,145000000,609123048,2014-06-12,Animation,102,7.8,285394.0
504,505,Godzilla,PG-13,160000000,529076069,2014-05-14,Thriller,123,6.4,359438.0
505,506,Big Hero 6,PG,165000000,652105443,2014-10-24,Animation,102,7.8,380953.0
506,507,Interstellar,PG-13,165000000,675120017,2014-11-05,Science Fiction,169,8.6,1343549.0
507,508,Captain America: The Winter Soldier,PG-13,170000000,714766572,2014-03-20,Action,136,7.7,685903.0
508,509,Dawn of the Planet of the Apes,PG-13,170000000,710644566,2014-06-26,Science Fiction,130,7.6,395425.0
509,510,Guardians of the Galaxy,PG-13,170000000,773328629,2014-07-30,Action,121,8.0,978222.0
